field,category,description,unit,source,status,value,uncertainty,notes
host_star,star,Host star name,,catalog,unknown,,,
spectral_type,star,Stellar spectral type,,catalog,unknown,,,
distance,star,Distance from Earth,pc,catalog,unknown,,,
stellar_teff,star,Effective temperature,K,catalog,unknown,,,
stellar_uv,star,UV environment,,model/observation,unknown,,,
planet,planet,Planet designation,,catalog,unknown,,,
planet_radius,planet,Planet radius,Earth radii,catalog,unknown,,,
planet_mass,planet,Planet mass,Earth masses,catalog,unknown,,,
planet_density,planet,Bulk density,g/cm3,catalog,unknown,,,
orbital_period,planet,Orbital period,days,catalog,unknown,,,
semi_major_axis,planet,Semi-major axis,AU,catalog,unknown,,,
stellar_flux,planet,Incident stellar flux,Earth flux,catalog,unknown,,,
transit,observation,Transit observed,,catalog,unknown,,,
jwst_observed,observation,JWST observation exists,,MAST,unknown,,,
jwst_instrument,observation,JWST instrument,,MAST,unknown,,,
h2o,atmosphere,Water vapor,,spectroscopy,unknown,,,
co2,atmosphere,Carbon dioxide,,spectroscopy,unknown,,,
n2,atmosphere,Nitrogen,,spectroscopy/model,unknown,,,
o2,atmosphere,Oxygen,,spectroscopy,unknown,,,
o3,atmosphere,Ozone,,spectroscopy,unknown,,,
ch4,atmosphere,Methane,,spectroscopy,unknown,,,
co,atmosphere,Carbon monoxide,,spectroscopy,unknown,,,
n2o,atmosphere,Nitrous oxide,,spectroscopy,unknown,,,
no,atmosphere,Nitric oxide,,spectroscopy,unknown,,,
no2,atmosphere,Nitrogen dioxide,,spectroscopy,unknown,,,
hno3,atmosphere,Nitric acid,,spectroscopy,unknown,,,
nh3,atmosphere,Ammonia,,spectroscopy,unknown,,,
so2,atmosphere,Sulfur dioxide,,spectroscopy,unknown,,,
disequilibrium,chemistry,Chemical disequilibrium assessment,,model,unknown,,,
abiotic_tests,chemistry,Abiotic mechanisms tested,,model,unknown,,,
persistence,observation,Repeated observation consistency,,observations,unknown,,,
independent_confirmation,observation,Independent confirmation,,observations,unknown,,,
interpretation,assessment,Current scientific interpretation,,literature,unknown,,,
